user_id;first_name;last_name;username;password_hash;email;phone;role;DEPARTMENT_ID;status;access_level;joined_date;last_login;assignment;is_active;created_at;updated_at
1;Rahul;Deshmukh;rahul.deshmukh;Ark@123;rahul.deshmukh@houseofark.com;9876543210;"Project Manager";1;Active;Admin;2023-05-01;"2025-11-10 09:12:00";"Oversee all site operations";1;"2025-11-15 18:02:13";"2025-11-18 19:48:00"
2;Neha;Mehta;neha.mehta;Ark@123;neha.mehta@houseofark.com;9819934455;"Lead Architect";2;Active;Manager;2023-04-12;"2025-11-14 08:45:00";"Design approvals, RERA certs";1;"2025-11-18 19:35:05";"2025-11-18 19:35:05"
3;Sanjeev;Prakash;s.prakash;Ark@123;sanjeev.prakash@houseofark.com;9892556677;"Structural Engineer";3;Active;Engineer;2023-06-10;"2025-11-13 10:05:00";"Structural checks & reports";1;"2025-11-18 19:35:05";"2025-11-18 19:35:05"
4;Arun;Iyer;arun.iyer;Ark@123;arun.iyer@houseofark.com;9922445566;"MEP Lead";4;Active;Manager;2023-07-01;"2025-11-12 11:12:00";"MEP coordination";1;"2025-11-18 19:35:05";"2025-11-18 19:35:05"
5;Kavita;Rao;kavita.rao;Ark@123;kavita.rao@houseofark.com;9876543210;"MEP Engineer";4;Active;Engineer;2024-01-15;"2025-11-11 09:00:00";"HVAC & plumbing";1;"2025-11-18 19:35:05";"2025-11-18 19:35:05"
6;Rohit;Bedi;rohit.bedi;Ark@123;rohit.bedi@houseofark.com;9900112233;"MEP Technician";4;Active;Engineer;2024-05-20;"2025-11-10 07:40:00";"Site MEP support";1;"2025-11-18 19:35:05";"2025-11-18 19:35:05"
7;Vikas;Sharma;vikas.sharma;Ark@123;vikas.sharma@houseofark.com;9819234567;"Head - Contracts";5;Active;Manager;2023-03-20;"2025-11-09 16:00:00";"Vendor negotiations";1;"2025-11-18 19:35:05";"2025-11-18 19:35:05"
8;Priyanka;Roy;priyanka.roy;Ark@123;priyanka.roy@houseofark.com;9819012345;"Procurement Executive";5;Active;Staff;2024-02-01;"2025-11-12 12:30:00";"Purchase orders, challans";1;"2025-11-18 19:35:05";"2025-11-18 19:35:05"
9;Priya;Desai;priya.desai;Ark@123;priya.desai@houseofark.com;9819256789;"Head - Finance";6;Active;Manager;2023-02-10;"2025-11-13 14:22:00";"Accounts & payroll";1;"2025-11-18 19:35:05";"2025-11-18 19:35:05"
10;Anand;Kapoor;anand.kapoor;Ark@123;anand.kapoor@houseofark.com;9811122334;Accountant;6;Active;Staff;2024-04-01;"2025-11-12 10:31:00";"Vendor payments";1;"2025-11-18 19:35:05";"2025-11-18 19:35:05"
11;Meera;Bose;meera.bose;Ark@123;meera.bose@houseofark.com;9833445566;"Finance Assistant";6;Active;Staff;2024-07-20;"2025-11-10 08:50:00";"Invoicing, receipts";1;"2025-11-18 19:35:05";"2025-11-18 19:35:05"
12;Anita;Rodrigues;anita.rodrigues;Ark@123;anita.rodrigues@houseofark.com;8899776655;"HR Head";7;Active;Manager;2023-01-05;"2025-11-15 09:05:00";"Recruitment & HR";1;"2025-11-18 19:35:05";"2025-11-18 19:35:05"
13;Rohit;Tamhane;rohit.tamhane;Ark@123;rohit.tamhane@houseofark.com;9820345678;"QC Head";8;Active;Manager;2023-03-01;"2025-11-14 07:30:00";"Quality standards & checks";1;"2025-11-18 19:35:05";"2025-11-18 19:35:05"
14;Sahil;Gupta;sahil.gupta;Ark@123;sahil.gupta@houseofark.com;9900223344;"QC Engineer";8;Active;Engineer;2023-06-15;"2025-11-12 09:15:00";"Site QC - materials";1;"2025-11-18 19:35:05";"2025-11-18 19:35:05"
15;Maya;Iyer;maya.iyer;Ark@123;maya.iyer@houseofark.com;9887766554;"QC Engineer";8;Active;Engineer;2023-07-11;"2025-11-11 08:22:00";"Workmanship checks";1;"2025-11-18 19:35:05";"2025-11-18 19:35:05"
16;Dev;Menon;dev.menon;Ark@123;dev.menon@houseofark.com;9877001122;"QC Inspector";8;Active;Staff;2024-02-20;"2025-11-10 17:01:00";"Daily QC logs";1;"2025-11-18 19:35:05";"2025-11-18 19:35:05"
17;Rhea;Nair;rhea.nair;Ark@123;rhea.nair@houseofark.com;9966554433;"QC Engineer";8;Active;Engineer;2024-03-30;"2025-11-12 13:40:00";"Sampling & testing";1;"2025-11-18 19:35:05";"2025-11-18 19:35:05"
18;Amit;Vora;amit.vora;Ark@123;amit.vora@houseofark.com;9813344455;"QC Inspector";8;Active;Staff;2024-06-18;"2025-11-09 09:11:00";"Material compaction tests";1;"2025-11-18 19:35:05";"2025-11-18 19:35:05"
19;Shilpa;Reddy;shilpa.reddy;Ark@123;shilpa.reddy@houseofark.com;9890099887;"QC Engineer";8;Active;Engineer;2024-08-10;"2025-11-10 11:25:00";"Concrete tests & records";1;"2025-11-18 19:35:05";"2025-11-18 19:35:05"
20;Karan;Malhotra;karan.malhotra;Ark@123;karan.malhotra@houseofark.com;9821122333;"QC Assistant";8;Active;Staff;2024-09-12;"2025-11-08 08:45:00";"QC support";1;"2025-11-18 19:35:05";"2025-11-18 19:35:05"
21;Leena;Pillai;leena.pillai;Ark@123;leena.pillai@houseofark.com;9876549900;"QC Engineer";8;Active;Engineer;2024-10-05;"2025-11-07 10:20:00";"Plaster & finishing checks";1;"2025-11-18 19:35:05";"2025-11-18 19:35:05"
22;Manish;Bhatt;manish.bhatt;Ark@123;manish.bhatt@houseofark.com;9815566778;"QC Inspector";8;Active;Staff;2025-01-12;"2025-11-06 07:50:00";"Site QC logs";1;"2025-11-18 19:35:05";"2025-11-18 19:35:05"
23;Isha;Chopra;isha.chopra;Ark@123;isha.chopra@houseofark.com;9900776655;"QC Engineer";8;Active;Engineer;2025-02-21;"2025-11-05 12:00:00";"Sample testing";1;"2025-11-18 19:35:05";"2025-11-18 19:35:05"
24;Tarun;Deshmukh;tarun.deshmukh;Ark@123;tarun.deshmukh@houseofark.com;9898877665;"QC Technician";8;Active;Staff;2025-03-10;"2025-11-04 09:00:00";"On-site QC";1;"2025-11-18 19:35:05";"2025-11-18 19:35:05"
25;Sana;Khatri;sana.khatri;Ark@123;sana.khatri@houseofark.com;9812233445;"QC Engineer";8;Active;Engineer;2025-04-08;"2025-11-03 08:10:00";"Finishing QC";1;"2025-11-18 19:35:05";"2025-11-18 19:35:05"
26;Vivek;Desai;vivek.desai;Ark@123;vivek.desai@houseofark.com;9813344112;"QC Assistant";8;Active;Staff;2025-05-01;"2025-11-02 15:30:00";"QC admin";1;"2025-11-18 19:35:05";"2025-11-18 19:35:05"
27;Mahesh;Patil;mahesh.patil;Ark@123;mahesh.patil@houseofark.com;9988776655;"Head - Safety";9;Active;Manager;2023-05-12;"2025-11-12 08:00:00";"Safety policies & audits";1;"2025-11-18 19:35:05";"2025-11-18 19:35:05"
28;Deepak;Kumar;deepak.kumar;Ark@123;deepak.kumar@houseofark.com;9899090909;"Safety Officer";9;Active;Staff;2023-09-22;"2025-11-11 07:45:00";"PPE checks & toolbox talks";1;"2025-11-18 19:35:05";"2025-11-18 19:35:05"
29;Ritu;Sharma;ritu.sharma;Ark@123;ritu.sharma@houseofark.com;9870011223;"Safety Officer";9;Active;Staff;2024-01-16;"2025-11-10 09:05:00";"Incident reporting";1;"2025-11-18 19:35:05";"2025-11-18 19:35:05"
30;Samir;Khan;samir.khan;Ark@123;samir.khan@houseofark.com;9900114455;"Safety Supervisor";9;Active;Staff;2024-04-05;"2025-11-09 10:12:00";"Site safety rounds";1;"2025-11-18 19:35:05";"2025-11-18 19:35:05"
31;Anil;Bhat;anil.bhat;Ark@123;anil.bhat@houseofark.com;9884433221;"Safety Inspector";9;Active;Staff;2024-07-12;"2025-11-08 08:40:00";"Compliance checks";1;"2025-11-18 19:35:05";"2025-11-18 19:35:05"
32;Richa;Gandhi;richa.gandhi;Ark@123;richa.gandhi@houseofark.com;9899988776;"Safety Officer";9;Active;Staff;2024-08-25;"2025-11-07 07:20:00";"Safety audits";1;"2025-11-18 19:35:05";"2025-11-18 19:35:05"
33;Devendra;Pawar;devendra.pawar;Ark@123;devendra.pawar@houseofark.com;9892012345;"Store In-charge";10;Active;Manager;2023-03-18;"2025-11-13 09:30:00";"Inventory & challans";1;"2025-11-18 19:35:05";"2025-11-18 19:35:05"
34;Suresh;Nair;suresh.nair;Ark@123;suresh.nair@houseofark.com;9870091122;"Store Assistant";10;Active;Staff;2024-02-02;"2025-11-12 08:55:00";"Material issue";1;"2025-11-18 19:35:05";"2025-11-18 19:35:05"
35;Mohit;Agarwal;mohit.agarwal;Ark@123;mohit.agarwal@houseofark.com;9817766554;"Store Assistant";10;Active;Staff;2024-06-15;"2025-11-11 10:45:00";"Goods receipt";1;"2025-11-18 19:35:05";"2025-11-18 19:35:05"
36;Ritika;Sen;ritika.sen;Ark@123;ritika.sen@houseofark.com;9900991122;"Store Clerk";10;Active;Staff;2024-09-20;"2025-11-10 09:10:00";"Inventory logs";1;"2025-11-18 19:35:05";"2025-11-18 19:35:05"
37;Harshit;Singh;harshit.singh;Ark@123;harshit.singh@houseofark.com;9833445566;"IT Head";11;Active;Manager;2023-01-12;"2025-11-14 06:50:00";"IT & systems support";1;"2025-11-18 19:35:05";"2025-11-18 19:35:05"
38;Ritu;Mishra;ritu.mishra;Ark@123;ritu.mishra@houseofark.com;9820012345;"Head - Sales";12;Active;Manager;2023-02-20;"2025-11-12 11:20:00";"Sales strategy & showflat";1;"2025-11-18 19:35:05";"2025-11-18 19:35:05"
39;Aarav;Shah;aarav.shah;Ark@123;aarav.shah@houseofark.com;9821122334;"Sales Executive";12;Active;Staff;2023-07-05;"2025-11-11 10:02:00";"Lead follow-ups";1;"2025-11-18 19:35:05";"2025-11-18 19:35:05"
40;Riya;Mehta;riya.mehta;Ark@123;riya.mehta@houseofark.com;9812233377;"Sales Executive";12;Active;Staff;2023-08-15;"2025-11-10 09:42:00";"Site visits & clients";1;"2025-11-18 19:35:05";"2025-11-18 19:35:05"
41;Kunal;Shah;kunal.shah;Ark@123;kunal.shah@houseofark.com;9813344499;"Sales Executive";12;Active;Staff;2024-01-10;"2025-11-09 08:58:00";"Client demos";1;"2025-11-18 19:35:05";"2025-11-18 19:35:05"
42;Elina;Varghese;elina.varghese;Ark@123;elina.varghese@houseofark.com;9900221133;"Marketing Exec";12;Active;Staff;2024-02-28;"2025-11-08 12:22:00";"Digital marketing";1;"2025-11-18 19:35:05";"2025-11-18 19:35:05"
43;Vikram;Poonawalla;vikram.poonawalla;Ark@123;vikram.poonawalla@houseofark.com;9890093344;"Sales Executive";12;Active;Staff;2024-04-18;"2025-11-07 14:30:00";"High-networth outreach";1;"2025-11-18 19:35:05";"2025-11-18 19:35:05"
44;Sarah;Joseph;sarah.joseph;Ark@123;sarah.joseph@houseofark.com;9900332211;"Sales Exec";12;Active;Staff;2024-06-01;"2025-11-06 09:05:00";"Showflat coordination";1;"2025-11-18 19:35:05";"2025-11-18 19:35:05"
45;Daniel;Dsouza;daniel.dsouza;Ark@123;daniel.dsouza@houseofark.com;9890095566;"Sales Exec";12;Active;Staff;2024-07-20;"2025-11-05 11:11:00";"Client relations";1;"2025-11-18 19:35:05";"2025-11-18 19:35:05"
46;Natasha;Merchant;natasha.merchant;Ark@123;natasha.merchant@houseofark.com;9814455667;"Marketing Manager";12;Active;Manager;2024-08-30;"2025-11-04 10:00:00";"Brand & PR";1;"2025-11-18 19:35:05";"2025-11-18 19:35:05"
47;Farhan;Daruwala;farhan.daruwala;Ark@123;farhan.daruwala@houseofark.com;9815566001;"Sales Exec";12;Active;Staff;2024-10-10;"2025-11-03 07:50:00";"Client follow-ups";1;"2025-11-18 19:35:05";"2025-11-18 19:35:05"
48;Amit;Singh;amit.singh;Ark@123;amit.singh@houseofark.com;9817001122;"Senior Site Engineer";3;Active;Engineer;2022-11-05;"2025-11-12 08:14:00";"Structural & slab coordination";1;"2025-11-18 19:35:05";"2025-11-18 19:35:05"
49;Pooja;Sharma;pooja.sharma;Ark@123;pooja.sharma@houseofark.com;9817003344;"Site Engineer";3;Active;Engineer;2023-01-20;"2025-11-11 08:00:00";"Site supervision";1;"2025-11-18 19:35:05";"2025-11-18 19:35:05"
50;Raghav;Malik;raghav.malik;Ark@123;raghav.malik@houseofark.com;9822334455;"Site Engineer";3;Active;Engineer;2023-02-10;"2025-11-10 07:30:00";"Structural works";1;"2025-11-18 19:35:05";"2025-11-18 19:35:05"
51;Suman;Verma;suman.verma;Ark@123;suman.verma@houseofark.com;9900445566;"Junior Engineer";3;Active;Engineer;2023-05-18;"2025-11-09 09:33:00";"Assists senior engineers";1;"2025-11-18 19:35:05";"2025-11-18 19:35:05"
52;Vivek;Sharma;vivek.sharma;Ark@123;vivek.sharma@houseofark.com;9890776655;"Junior Engineer";3;Active;Engineer;2023-06-25;"2025-11-08 10:14:00";"Site QA support";1;"2025-11-18 19:35:05";"2025-11-18 19:35:05"
53;Neel;Patel;neel.patel;Ark@123;neel.patel@houseofark.com;9877766554;"Junior Engineer";3;Active;Engineer;2023-08-01;"2025-11-07 11:20:00";"Masonry & BBM support";1;"2025-11-18 19:35:05";"2025-11-18 19:35:05"
54;Tanya;Kohli;tanya.kohli;Ark@123;tanya.kohli@houseofark.com;9880011223;"Site Engineer";3;Active;Engineer;2023-09-18;"2025-11-06 12:12:00";"Floor finishing coordination";1;"2025-11-18 19:35:05";"2025-11-18 19:35:05"
55;Harsh;Mehta;harsh.mehta;Ark@123;harsh.mehta@houseofark.com;9813388999;"Senior Engineer";3;Active;Engineer;2023-10-01;"2025-11-05 08:05:00";"Technical supervision";1;"2025-11-18 19:35:05";"2025-11-18 19:35:05"
56;Irfan;Khan;irfan.khan;Ark@123;irfan.khan@houseofark.com;9900113344;"Site Engineer";3;Active;Engineer;2024-01-12;"2025-11-04 07:44:00";"Concrete & reinforcement";1;"2025-11-18 19:35:05";"2025-11-18 19:35:05"
57;Mira;Roy;mira.roy;Ark@123;mira.roy@houseofark.com;9899001122;"Junior Engineer";3;Active;Engineer;2024-02-20;"2025-11-03 10:33:00";"Plaster & finishes";1;"2025-11-18 19:35:05";"2025-11-18 19:35:05"
58;Rohan;Deshmukh;rohan.deshmukh;Ark@123;rohan.deshmukh@houseofark.com;9810092233;"Intern Engineer";3;Active;Intern;2024-03-30;"2025-11-02 16:12:00";"Site intern";1;"2025-11-18 19:35:05";"2025-11-18 19:35:05"
59;Kiran;Bajaj;kiran.bajaj;Ark@123;kiran.bajaj@houseofark.com;9870013344;"Site Engineer";3;Active;Engineer;2024-05-09;"2025-11-01 09:55:00";"BBM & finishing";1;"2025-11-18 19:35:05";"2025-11-18 19:35:05"
60;Sahil;Khanna;sahil.khanna;Ark@123;sahil.khanna@houseofark.com;9811127799;"Junior Engineer";3;Active;Engineer;2024-06-18;"2025-10-31 07:12:00";"Site works";1;"2025-11-18 19:35:05";"2025-11-18 19:35:05"
61;Diya;Narang;diya.narang;Ark@123;diya.narang@houseofark.com;9901223344;"Site Engineer";3;Active;Engineer;2024-08-02;"2025-10-30 08:22:00";"Floor progress updates";1;"2025-11-18 19:35:05";"2025-11-18 19:35:05"
62;Mukul;Ahuja;mukul.ahuja;Ark@123;mukul.ahuja@houseofark.com;9890097788;"Senior Engineer";3;Active;Engineer;2022-12-12;"2025-10-29 09:00:00";"Lead technical tasks";1;"2025-11-18 19:35:05";"2025-11-18 19:35:05"
63;Ramesh;Singh;ramesh.singh;Ark@123;ramesh.singh@houseofark.com;9820001122;"Ops Head";13;Active;Manager;2022-10-01;"2025-11-15 08:10:00";"Overall ops & support";1;"2025-11-18 19:35:05";"2025-11-18 19:35:05"
64;Suresh;Kumar;suresh.kumar;Ark@123;suresh.kumar@houseofark.com;9890090011;"Security Guard";13;Active;Staff;2023-03-05;"2025-11-14 06:45:00";"Perimeter security";1;"2025-11-18 19:35:05";"2025-11-18 19:35:05"
65;Manoj;Patel;manoj.patel;Ark@123;manoj.patel@houseofark.com;9890090022;"Security Guard";13;Active;Staff;2023-04-11;"2025-11-13 06:50:00";"Gate & patrols";1;"2025-11-18 19:35:05";"2025-11-18 19:35:05"
66;Ajay;Kumar;ajay.kumar;Ark@123;ajay.kumar@houseofark.com;9890090033;"Security Guard";13;Active;Staff;2023-05-08;"2025-11-12 06:55:00";"Night patrols";1;"2025-11-18 19:35:05";"2025-11-18 19:35:05"
67;Rajat;Verma;rajat.verma;Ark@123;rajat.verma@houseofark.com;9890090044;"Security Guard";13;Active;Staff;2023-06-20;"2025-11-11 07:00:00";"Lobby security";1;"2025-11-18 19:35:05";"2025-11-18 19:35:05"
68;Vikash;Yadav;vikash.yadav;Ark@123;vikash.yadav@houseofark.com;9890090055;"Security Guard";13;Active;Staff;2023-07-15;"2025-11-10 07:05:00";"Patrol & CCTV";1;"2025-11-18 19:35:05";"2025-11-18 19:35:05"
69;Sunita;Kaur;sunita.kaur;Ark@123;sunita.kaur@houseofark.com;9890090066;Housekeeping;13;Active;Staff;2023-08-01;"2025-11-09 08:20:00";"Cleaning & common areas";1;"2025-11-18 19:35:05";"2025-11-18 19:35:05"
70;Preeti;Shah;preeti.shah;Ark@123;preeti.shah@houseofark.com;9890090077;Housekeeping;13;Active;Staff;2023-09-10;"2025-11-08 08:25:00";Housekeeping;1;"2025-11-18 19:35:05";"2025-11-18 19:35:05"
71;Kamal;Nair;kamal.nair;Ark@123;kamal.nair@houseofark.com;9890090088;Housekeeping;13;Active;Staff;2023-10-05;"2025-11-07 08:30:00";Cleaning;1;"2025-11-18 19:35:05";"2025-11-18 19:35:05"
72;Sonia;Dutta;sonia.dutta;Ark@123;sonia.dutta@houseofark.com;9890090099;"Admin Assistant";13;Active;Staff;2023-11-20;"2025-11-06 09:00:00";"Admin support";1;"2025-11-18 19:35:05";"2025-11-18 19:35:05"
73;Ravi;Joshi;ravi.joshi;Ark@123;ravi.joshi@houseofark.com;9890090100;"Admin Assistant";13;Active;Staff;2024-02-14;"2025-11-05 09:15:00";"Site admin support";1;"2025-11-18 19:35:05";"2025-11-18 19:35:05"
74;Tanvi;Gupta;tanvi.gupta;Ark@123;tanvi.gupta@houseofark.com;9812347788;"Sales Executive";12;Active;Staff;2024-03-01;"2025-11-04 10:12:00";"Lead gen";1;"2025-11-18 19:35:05";"2025-11-18 19:35:05"
75;Karan;Agarwal;karan.agarwal;Ark@123;karan.agarwal@houseofark.com;9813347788;"Sales Executive";12;Active;Staff;2024-05-12;"2025-11-03 11:11:00";"Client follow-up";1;"2025-11-18 19:35:05";"2025-11-18 19:35:05"
76;Nidhi;Bhandari;nidhi.bhandari;Ark@123;nidhi.bhandari@houseofark.com;9814457788;"Marketing Exec";12;Active;Staff;2024-06-20;"2025-11-02 12:10:00";"Digital campaigns";1;"2025-11-18 19:35:05";"2025-11-18 19:35:05"
77;Vivek;Jain;vivek.jain;Ark@123;vivek.jain@houseofark.com;9815567788;"Site Electrician";4;Active;Staff;2024-07-30;"2025-11-01 07:40:00";"Electrical maintenance";1;"2025-11-18 19:35:05";"2025-11-18 19:35:05"
78;Sonia;Kohli;sonia.kohli;Ark@123;sonia.kohli@houseofark.com;9816677788;"Junior Engineer";3;Active;Engineer;2024-08-15;"2025-10-30 09:20:00";"Assists site work";1;"2025-11-18 19:35:05";"2025-11-18 19:35:05"
79;Aman;Sethi;aman.sethi;Ark@123;aman.sethi@houseofark.com;9817788899;"Logistics Coordinator";5;Active;Staff;2024-09-20;"2025-10-29 08:55:00";"Material logistics";1;"2025-11-18 19:35:05";"2025-11-18 19:35:05"
